,id,name,year,run_time,genre,rating,about,director,actors,votes,gross
0,1,In Time,2011,109 min,"Action, Sci-Fi, Thriller            ",6.7," future where people stop aging at 25, but are engineered to live only one more year, having the means to buy your way out of the situation is a shot at immortal youth. Here, Will Salas finds himself accused of murder and on the run with a hostage - a connection that becomes an important part of the way against the system.",Andrew Niccol ,"Justin Timberlake, Amanda Seyfried, Cillian Murphy, Olivia Wilde",382655,$37.52M
1,2,Taare Zameen Par,2007,165 min,"Drama, Family            ",8.4,"ight-year-old boy is thought to be a lazy trouble-maker, until the new art teacher has the patience and compassion to discover the real problem behind his struggles in school.","Aamir Khan, Amole Gupte ","Darsheel Safary, Aamir Khan, Tisca Chopra, Vipin Sharma",179742,$1.22M
2,3,A Brief History of Time,1991,80 min,"Documentary, Biography            ",7.3,"lm about the life and work of the cosmologist, Stephen Hawking, who despite his near total paralysis, was one of the great minds of all time.",Errol Morris ,"Stephen Hawking, Isobel Hawking, Janet Humphrey, Mary Hawking",5429,$2.28M
3,4,The Matrix,1999,136 min,"Action, Sci-Fi            ",8.7," a beautiful stranger leads computer hacker Neo to a forbidding underworld, he discovers the shocking truth--the life he knows is the elaborate deception of an evil cyber-intelligence.","Lana Wachowski, Lilly Wachowski ","Keanu Reeves, Laurence Fishburne, Carrie-Anne Moss, Hugo Weaving",1745038,$171.48M
4,5,The Matrix Reloaded,2003,138 min,"Action, Sci-Fi            ",7.2,"dom fighters Neo, Trinity and Morpheus continue to lead the revolt against the Machine Army, unleashing their arsenal of extraordinary skills and weaponry against the systematic forces of repression and exploitation.","Lana Wachowski, Lilly Wachowski ","Keanu Reeves, Laurence Fishburne, Carrie-Anne Moss, Hugo Weaving",534247,$281.49M
5,6,The Revenant,2015,156 min,"Action, Adventure, Drama            ",8,ontiersman on a fur trading expedition in the 1820s fights for survival after being mauled by a bear and left for dead by members of his own hunting team.,Alejandro G. Iñárritu ,"Leonardo DiCaprio, Tom Hardy, Will Poulter, Domhnall Gleeson",738001,$183.64M
6,7,Hacksaw Ridge,2016,139 min,"Biography, Drama, History            ",8.1,"d War II American Army Medic Desmond T. Doss, who served during the Battle of Okinawa, refuses to kill people and becomes the first man in American history to receive the Medal of Honor without firing a shot.",Mel Gibson ,"Andrew Garfield, Sam Worthington, Luke Bracey, Teresa Palmer",464312,$67.21M
7,8,Dunkirk,2017,106 min,"Action, Drama, History            ",7.8,"ed soldiers from Belgium, the British Commonwealth and Empire, and France are surrounded by the German Army and evacuated during a fierce battle in World War II.",Christopher Nolan ,"Fionn Whitehead, Barry Keoghan, Mark Rylance, Tom Hardy",591672,$188.37M
8,9,Aus dem Nichts,2017,106 min,"Crime, Drama, Thriller            ",7.1,"a's life collapses after the death of her husband and son in a bomb attack. After a time of mourning and injustice, Katja seeks revenge.",Fatih Akin ,"Numan Acar, Adam Bousdoukos, Diane Kruger, Denis Moschitto",30717,$0.32M
9,10,No Country for Old Men,2007,122 min,"Crime, Drama, Thriller            ",8.1,ence and mayhem ensue after a hunter stumbles upon a drug deal gone wrong and more than two million dollars in cash near the Rio Grande.,"Ethan Coen, Joel Coen ","Tommy Lee Jones, Javier Bardem, Josh Brolin, Woody Harrelson",896350,$74.28M
10,11,Doctor Strange,2016,115 min,"Action, Adventure, Fantasy            ",7.5,"e on a journey of physical and spiritual healing, a brilliant neurosurgeon is drawn into the world of the mystic arts.",Scott Derrickson ,"Benedict Cumberbatch, Chiwetel Ejiofor, Rachel McAdams, Benedict Wong",638977,$232.64M
11,12,The Greatest Showman,2017,105 min,"Biography, Drama, Musical            ",7.6,brates the birth of show business and tells of a visionary who rose from nothing to create a spectacle that became a worldwide sensation.,Michael Gracey ,"Hugh Jackman, Michelle Williams, Zac Efron, Zendaya",254148,$174.34M
12,13,Interstellar,2014,169 min,"Adventure, Drama, Sci-Fi            ",8.6,am of explorers travel through a wormhole in space in an attempt to ensure humanity's survival.,Christopher Nolan ,"Matthew McConaughey, Anne Hathaway, Jessica Chastain, Mackenzie Foy",1604188,$188.02M
13,14,Rogue One,2016,133 min,"Action, Adventure, Sci-Fi            ",7.8," time of conflict, a group of unlikely heroes band together on a mission to steal the plans to the Death Star, the Empire's ultimate weapon of destruction.",Gareth Edwards ,"Felicity Jones, Diego Luna, Alan Tudyk, Donnie Yen",578141,$532.18M
14,15,Tuntematon sotilas,2017,180 min,"Drama, War            ",7.8,"lm adaptation of Väinö Linna's best selling novel The Unknown Soldier (1954) and the novel's unedited manuscript version, Sotaromaani.",Aku Louhimies ,"Eero Aho, Johannes Holopainen, Jussi Vatanen, Aku Hirviniemi",10244,
15,16,Gifted,2017,101 min,Drama            ,7.6,"k, a single man raising his child prodigy niece Mary, is drawn into a custody battle with his mother.",Marc Webb ,"Chris Evans, Mckenna Grace, Lindsay Duncan, Octavia Spencer",106791,$24.80M
16,17,Edge of Tomorrow,2014,113 min,"Action, Adventure, Sci-Fi            ",7.9,"ldier fighting aliens gets to relive the same day over and over again, the day restarting every time he dies.",Doug Liman ,"Tom Cruise, Emily Blunt, Bill Paxton, Brendan Gleeson",627816,$100.21M
17,18,I Called Him Morgan,2016,92 min,"Documentary, Drama, History            ",7.3,"xploration of the relationship between jazz trumpeter Lee Morgan and his common-law wife Helen, who was implicated in his murder in 1972.",Kasper Collin ,"Lee Morgan, Helen Morgan, Wayne Shorter, Larry Reni Thomas",1681,$0.10M
18,19,Prisoners,2013,153 min,"Crime, Drama, Mystery            ",8.1," Keller Dover's daughter and her friend go missing, he takes matters into his own hands as the police pursue multiple leads and the pressure mounts.",Denis Villeneuve ,"Hugh Jackman, Jake Gyllenhaal, Viola Davis, Melissa Leo",633230,$61.00M
19,20,Once,I) (,86 min,"Drama, Music, Romance            ",7.8,"dern-day musical about a busker and an immigrant and their eventful week in Dublin, as they write, rehearse and record songs that tell their love story.",John Carney ,"Glen Hansard, Markéta Irglová, Hugh Walsh, Gerard Hendrick",113209,$9.44M
20,21,Walking Out,I) (,95 min,"Adventure, Drama, Thriller            ",5.8,"rban teenager journeys to Montana to hunt big game with his estranged father. Father and son struggle to connect, until a brutal encounter in the heart of the wilderness changes everything.","Alex Smith, Andrew J. Smith ","Matt Bomer, Josh Wiggins, Bill Pullman, Alex Neustaedter",6050,$0.10M
21,22,Lady Bird,2017,94 min,"Comedy, Drama            ",7.4,"002, an artistically inclined seventeen-year-old girl comes of age in Sacramento, California.",Greta Gerwig ,"Saoirse Ronan, Laurie Metcalf, Tracy Letts, Lucas Hedges",258738,$48.96M
22,23,Oro,2017,103 min,"Adventure, Drama, History            ",5.7,", ambition, treason and death clash in a neverending search for a city built with gold.",Agustín Díaz Yanes ,"Raúl Arévalo, Bárbara Lennie, Óscar Jaenada, Jose Coronado",1623,$0.00M
23,24,Inception,2010,148 min,"Action, Adventure, Sci-Fi            ",8.8,ief who steals corporate secrets through the use of dream-sharing technology is given the inverse task of planting an idea into the mind of a C.E.O.,Christopher Nolan ,"Leonardo DiCaprio, Joseph Gordon-Levitt, Elliot Page, Ken Watanabe",2159743,$292.58M
24,25,Finding Sofia,2016,112 min,"Comedy, Drama, Romance            ",5.6,"nflicted animation filmmaker travels to Argentina chasing after a girl he met online, only to end up living with her and her intimidating boyfriend on an isolated island on the outskirts of Buenos Aires.",Nico Casavecchia ,"Sofía Brihet, Andrea Carballo, Sam Huntington, Rafael Spregelburd",292,
25,26,John Wick: Chapter 2,2017,122 min,"Action, Crime, Thriller            ",7.5,"r returning to the criminal underworld to repay a debt, John Wick discovers that a large bounty has been put on his life.",Chad Stahelski ,"Keanu Reeves, Riccardo Scamarcio, Ian McShane, Ruby Rose",390904,$92.03M
26,27,Mamma Mia! Here We Go Again,2018,114 min,"Comedy, Musical, Romance            ",6.6," years after the events of Mamma Mia! (2008), Sophie prepares for the grand reopening of the Hotel Bella Donna as she learns more about her mother's past.",Ol Parker ,"Lily James, Amanda Seyfried, Meryl Streep, Cher",86082,$120.63M
27,28,BlacKkKlansman,2018,135 min,"Biography, Comedy, Crime            ",7.5,"Stallworth, an African American police officer from Colorado Springs, CO, successfully manages to infiltrate the local Ku Klux Klan branch with the help of a Jewish surrogate who eventually becomes its leader. Based on actual events.",Spike Lee ,"John David Washington, Adam Driver, Laura Harrier, Topher Grace",239913,$49.28M
28,29,Die göttliche Ordnung,2017,96 min,"Comedy, Drama            ",7.1,"971, a young housewife organizes the women of her town to petition for the right to vote.",Petra Biondina Volpe ,"Marie Leuenberger, Maximilian Simonischek, Rachel Braunschweig, Sibylle Brunner",2626,$0.08M
29,30,"Don't Worry, He Won't Get Far on Foot",2018,114 min,"Biography, Comedy, Drama            ",6.9,"he rocky path to sobriety after a life-changing accident, John Callahan discovers the healing power of art, willing his injured hands into drawing hilarious, often controversial cartoons, which bring him a new lease on life.",Gus Van Sant ,"Joaquin Phoenix, Jonah Hill, Rooney Mara, Jack Black",24187,$1.44M
30,31,Crazy Rich Asians,2018,120 min,"Comedy, Drama, Romance            ",6.9," contemporary romantic comedy, based on a global bestseller, follows native New Yorker Rachel Chu to Singapore to meet her boyfriend's family.",Jon M. Chu ,"Constance Wu, Henry Golding, Michelle Yeoh, Gemma Chan",154245,$174.53M
31,32,22 July,2018,143 min,"Crime, Drama, History            ",6.8,"ree-part story of Norway's worst terrorist attack in which over seventy people were killed. 22 July looks at the disaster itself, the survivors, Norway's political system and the lawyers who worked on this horrific case.",Paul Greengrass ,"Anders Danielsen Lie, Jonas Strand Gravli, Jon Øigarden, Maria Bock",31336,
32,33,Sicario: Day of the Soldado,2018,122 min,"Action, Adventure, Crime            ",7.1,"drug war on the U.S.-Mexico border has escalated as the cartels have begun trafficking terrorists across the US border. To fight the war, federal agent Matt Graver re-teams with the mercurial Alejandro.",Stefano Sollima ,"Benicio Del Toro, Josh Brolin, Isabela Merced, Jeffrey Donovan",134590,$50.07M
33,34,Private Life,2018,123 min,"Comedy, Drama            ",7.2,"uthor is undergoing multiple fertility therapies to get pregnant, putting her relationship with her husband on edge.",Tamara Jenkins ,"Kathryn Hahn, Paul Giamatti, Gabrielle Reid, Amy Russ",17867,
34,35,A Star Is Born,2018,136 min,"Drama, Music, Romance            ",7.6,sician helps a young singer find fame as age and alcoholism send his own career into a downward spiral.,Bradley Cooper ,"Lady Gaga, Bradley Cooper, Sam Elliott, Greg Grunberg",354021,$215.29M
35,36,Whitney,2018,120 min,"Documentary, Biography, Drama            ",7.3,n-depth look at the life and music of Whitney Houston.,Kevin Macdonald ,"Whitney Houston, Ellen White, Michael Houston, Cissy Houston",7075,$3.03M
36,37,The Joke Thief,2018,81 min,Drama            ,6,"Joke Thief takes us on a journey of one man's last hurrah. Simon McCabe is a stand up comedian who has been making people laugh for 35 years. All his life he has been the life of the ...                See full summary »
",Frank D'Angelo ,"Frank D'Angelo, Sugith Varughese, Linda Gale, Art Hindle",3964,
37,38,Columbus,I) (,104 min,Drama            ,7.2,"rean-born man finds himself stuck in Columbus, Indiana, where his architect father is in a coma. The man meets a young woman who wants to stay in Columbus with her mother, a recovering addict, instead of pursuing her own dreams.",Kogonada ,"John Cho, Haley Lu Richardson, Parker Posey, Michelle Forbes",15685,$1.02M
38,39,Wonder Woman,2017,141 min,"Action, Adventure, Fantasy            ",7.4," a pilot crashes and tells of conflict in the outside world, Diana, an Amazonian warrior in training, leaves home to fight a war, discovering her full powers and true destiny.",Patty Jenkins ,"Gal Gadot, Chris Pine, Robin Wright, Lucy Davis",608022,$412.56M
39,40,Black Mirror: Bandersnatch,2018,90 min,"Drama, Fantasy, Mystery            ",7.1,ung programmer starts to question reality when he adapts a mad writer's fantasy novel into a video game.,David Slade ,"Fionn Whitehead, Craig Parkinson, Alice Lowe, Asim Chaudhry",118963,
40,41,Edie,2017,102 min,"Adventure, Drama            ",6.6,"ear old Edie believes that it is never too late - packing an old camping bag, leaving her life behind and embarking on an adventure she never got to have - climbing the imposing Mount Suilven in Scotland.",Simon Hunter ,"Sheila Hancock, Kevin Guthrie, Paul Brannigan, Amy Manson",2083,$0.02M
41,42,Mission: Impossible - Fallout,2018,147 min,"Action, Adventure, Thriller            ",7.7,"n Hunt and his IMF team, along with some familiar allies, race against time after a mission gone wrong.",Christopher McQuarrie ,"Tom Cruise, Henry Cavill, Ving Rhames, Simon Pegg",306498,$220.16M
42,43,Mission Control: The Unsung Heroes of Apollo,2017,101 min,"Documentary, History            ",7.6,he heart of the Apollo program was the special team in Mission Control who put a man on the moon and helped create the future.,David Fairhead ,"John Aaron, Stephen Bales, Jerry Bostick, James Burke",1588,
43,44,The Ballad of Buster Scruggs,2018,133 min,"Comedy, Drama, Musical            ",7.3,"tales of life and violence in the Old West, following a singing gunslinger, a bank robber, a traveling impresario, an elderly prospector, a wagon train, and a perverse pair of bounty hunters.","Ethan Coen, Joel Coen ","Tim Blake Nelson, Willie Watson, Clancy Brown, Danny McCarthy",132086,
44,45,Indian Horse,2017,101 min,"Drama, Sport            ",7.3,"ows the life of Native Canadian Saul Indian Horse as he survives residential school and life amongst the racism of the 1970s. A talented hockey player, Saul must find his own path as he battles stereotypes and alcoholism.",Stephen S. Campanelli ,"Ajuawak Kapashesit, Wayne Baker, Sladen Peltier, Skye Pelletier",1783,$1.95M
45,46,Aquaman,2018,143 min,"Action, Adventure, Fantasy            ",6.9,"ur Curry, the human-born heir to the underwater kingdom of Atlantis, goes on a quest to prevent a war between the worlds of ocean and land.",James Wan ,"Jason Momoa, Amber Heard, Willem Dafoe, Patrick Wilson",412719,$335.06M
46,47,Blaze,2018,129 min,"Biography, Drama, Music            ",6.6,"imagining of the life and times of Blaze Foley, the unsung songwriting legend of the Texas Outlaw Music movement.",Ethan Hawke ,"Ben Dickey, Alia Shawkat, Josh Hamilton, Charlie Sexton",3071,$0.07M
47,48,Green Book,2018,130 min,"Biography, Comedy, Drama            ",8.2,rking-class Italian-American bouncer becomes the driver of an African-American classical pianist on a tour of venues through the 1960s American South.,Peter Farrelly ,"Viggo Mortensen, Mahershala Ali, Linda Cardellini, Sebastian Maniscalco",422336,$85.08M
48,49,Bohemian Rhapsody,2018,134 min,"Biography, Drama, Music            ",7.9,"story of the legendary British rock band Queen and lead singer Freddie Mercury, leading up to their famous performance at Live Aid (1985).",Bryan Singer ,"Rami Malek, Lucy Boynton, Gwilym Lee, Ben Hardy",482409,$216.43M
49,50,Museo,2018,128 min,"Crime, Drama            ",6.9,"985, a group of criminals mock the security of the National Museum of Anthropology in Mexico City to extract 140 pre-Hispanic pieces from their showcases.",Alonso Ruizpalacios ,"Gael García Bernal, Lynn Gilmartin, Simon Russell Beale, Ilse Salas",5240,$0.15M
50,51,Kodachrome,2017,105 min,Drama            ,6.8,"during the final days of the admired photo development system known as Kodachrome, a father and son hit the road in order to reach the Kansas photo lab before it closes its doors for good.",Mark Raso ,"Ed Harris, Jason Sudeikis, Elizabeth Olsen, Bruce Greenwood",14256,
51,52,At Eternity's Gate,2018,111 min,"Biography, Drama            ",6.9,"ok at the life of painter Vincent van Gogh during the time he lived in Arles and Auvers-sur-Oise, France.",Julian Schnabel ,"Willem Dafoe, Rupert Friend, Oscar Isaac, Mads Mikkelsen",31366,$2.29M
52,53,Mr. & Mrs. Smith,2005,120 min,"Action, Comedy, Crime            ",6.5,red married couple is surprised to learn that they are both assassins hired by competing agencies to kill each other.,Doug Liman ,"Brad Pitt, Angelina Jolie, Adam Brody, Vince Vaughn",464728,$186.34M
53,54,Sully,2016,96 min,"Biography, Drama            ",7.4,"story of Chesley ""Sully"" Sullenberger (Tom Hanks), an American pilot who became a hero after landing his damaged plane on the Hudson River in order to save the flight's passengers and crew.",Clint Eastwood ,"Tom Hanks, Aaron Eckhart, Laura Linney, Valerie Mahaffey",251230,$125.07M
54,55,De dirigent,2018,137 min,"Biography, Drama            ",7.3,"nia Brico dreams of becoming a conductor, but she isn't taken seriously because she is a woman.",Maria Peters ,"Christanne de Bruijn, Benjamin Wainwright, Scott Turner Schofield, Seumas F. Sargent",2964,
55,56,Brexit: The Uncivil War,2019,92 min,"Biography, Drama, History            ",7,tical strategist Dominic Cummings leads a popular but controversial campaign to convince British voters to leave the European Union from 2015 up until the present day.,Toby Haynes ,"Benedict Cumberbatch, Sarah Belcher, Malcolm Freeman, Lucy Russell",15532,
56,57,Vice,I) (,132 min,"Biography, Comedy, Drama            ",7.2,"story of Dick Cheney, an unassuming bureaucratic Washington insider, who quietly wielded immense power as Vice President to George W. Bush, reshaping the country and the globe in ways that we still feel today.",Adam McKay ,"Christian Bale, Amy Adams, Steve Carell, Sam Rockwell",131933,$47.84M
57,58,Avaze gonjeshk-ha,2008,96 min,"Drama, Family            ",7.9," an ostrich-rancher focuses on replacing his daughter's hearing aid, which breaks right before crucial exams, everything changes for a struggling rural family in Iran. Karim motorbikes ...                See full summary »
",Majid Majidi ,"Mohammad Amir Naji, Maryam Akbari, Kamran Dehghan, Hamid Aghazi",10115,$0.12M
58,59,Kiseki,2011,128 min,Drama            ,7.4,"ve-year-old Koichi, who has been separated from his brother Ryunosuke due to his parents' divorce, hears a rumor that the new bullet trains will precipitate a wish-granting miracle when they pass each other at top speed.",Hirokazu Koreeda ,"Kôki Maeda, Ohshirô Maeda, Masami Nagasawa, Hiroshi Abe",6600,$0.15M
59,60,Empire of the Sun,1987,153 min,"Action, Drama, History            ",7.7,ung English boy struggles to survive under Japanese occupation of China during World War II.,Steven Spielberg ,"Christian Bale, John Malkovich, Miranda Richardson, Nigel Havers",119795,$22.24M
60,61,The Kid,1921,68 min,"Comedy, Drama, Family            ",8.3,"Tramp cares for an abandoned child, but events put that relationship in jeopardy.",Charles Chaplin ,"Charles Chaplin, Edna Purviance, Jackie Coogan, Carl Miller",119485,$5.45M
61,62,El Camino: A Breaking Bad Movie,2019,122 min,"Action, Crime, Drama            ",7.3,"tive Jesse Pinkman runs from his captors, the law, and his past.",Vince Gilligan ,"Aaron Paul, Jonathan Banks, Matt Jones, Charles Baker",203024,
62,63,My Own Love Song,2010,102 min,"Adventure, Comedy, Drama            ",5.8,"eelchair-bound former singer and her best friend embark on a road trip from Kansas to New Orleans, Louisiana.",Olivier Dahan ,"Renée Zellweger, Madeline Zima, Forest Whitaker, Elias Koteas",1731,
63,64,"Il buono, il brutto, il cattivo",1966,161 min,Western            ,8.8,unty hunting scam joins two men in an uneasy alliance against a third in a race to find a fortune in gold buried in a remote cemetery.,Sergio Leone ,"Clint Eastwood, Eli Wallach, Lee Van Cleef, Aldo Giuffrè",714924,$6.10M
64,65,Jusqu'à la garde,2017,93 min,Drama            ,7.5,oken marriage leads to a bitter custody battle with an embattled son at the centre.,Xavier Legrand ,"Léa Drucker, Denis Ménochet, Thomas Gioria, Mathilde Auneveux",8695,$0.08M
65,66,Campeones,I) (,124 min,"Comedy, Drama, Family            ",7.3,"sketball coach is sentenced to community service, forced to work with a team of mentally disabled players.",Javier Fesser ,"Javier Gutiérrez, Athenea Mata, Juan Margallo, José de Luna",9620,
66,67,"I, Daniel Blake",2016,100 min,Drama            ,7.9,"r surviving a heart-attack, a 59-year-old carpenter must fight bureaucratic forces to receive Employment and Support Allowance.",Ken Loach ,"Dave Johns, Hayley Squires, Sharon Percy, Briana Shann",56779,$0.26M
67,68,Red Joan,2018,101 min,"Biography, Drama, History            ",6.4,"story of Joan Stanley, who was exposed as the K.G.B.'s longest-serving British spy.",Trevor Nunn ,"Judi Dench, Sophie Cookson, Stephen Campbell Moore, Tom Hughes",11066,$1.58M
68,69,Per qualche dollaro in più,1965,132 min,Western            ,8.2,bounty hunters with the same intentions team up to track down a Western outlaw.,Sergio Leone ,"Clint Eastwood, Lee Van Cleef, Gian Maria Volontè, Mara Krupp",242221,$15.00M
69,70,Smultronstället,1957,91 min,"Drama, Romance            ",8.2,"r living a life marked by coldness, an aging professor is forced to confront the emptiness of his existence.",Ingmar Bergman ,"Victor Sjöström, Bibi Andersson, Ingrid Thulin, Gunnar Björnstrand",101549,
70,71,Avengers: Endgame,2019,181 min,"Action, Adventure, Drama            ",8.4,"r the devastating events of Avengers: Infinity War (2018), the universe is in ruins. With the help of remaining allies, the Avengers assemble once more in order to reverse Thanos' actions and restore balance to the universe.","Anthony Russo, Joe Russo ","Robert Downey Jr., Chris Evans, Mark Ruffalo, Chris Hemsworth",928380,$858.37M
71,72,First Reformed,2017,113 min,"Drama, Mystery, Thriller            ",7.1,"nister of a small congregation in upstate New York grapples with mounting despair brought on by tragedy, worldly concerns and a tormented past.",Paul Schrader ,"Ethan Hawke, Amanda Seyfried, Cedric the Entertainer, Victoria Hill",51649,$3.45M
72,73,Wildlife,2018,105 min,Drama            ,6.8,enage boy must deal with his mother's complicated response after his father temporarily abandons them to take a menial and dangerous job.,Paul Dano ,"Ed Oxenbould, Jake Gyllenhaal, Carey Mulligan, Travis W Bruyer",26825,$1.03M
73,74,Uncut Gems,2019,135 min,"Crime, Drama, Thriller            ",7.4," his debts mounting and angry collectors closing in, a fast-talking New York City jeweler risks everything in hope of staying afloat and alive.","Benny Safdie, Josh Safdie ","Adam Sandler, Julia Fox, Idina Menzel, Mesfin Lamengo",243283,
74,75,Pavarotti,2019,114 min,"Documentary, Biography, Music            ",7.5,", works and achievements of opera legend Luciano Pavarotti.",Ron Howard ,"Luciano Pavarotti, Andrea Griminelli, Nicoletta Mantovani, Plácido Domingo",3054,$4.60M
75,76,Nordwand,2008,126 min,"Adventure, Biography, Drama            ",7.4,cretary at a Berlin newspaper in 1936 gets to write about two alpinists as she knows them well. She later gets to report on/photograph her friends' and other alpinists' climb of the dangerous Swiss Eiger north face.,Philipp Stölzl ,"Benno Fürmann, Florian Lukas, Johanna Wokalek, Simon Schwarz",15317,$0.71M
76,77,Capharnaüm,2018,126 min,Drama            ,8.4,"e serving a five-year sentence for a violent crime, a 12-year-old boy sues his parents for neglect.",Nadine Labaki ,"Zain Al Rafeea, Yordanos Shiferaw, Boluwatife Treasure Bankole, Kawsar Al Haddad",73801,$1.66M
77,78,The Irishman,2019,209 min,"Biography, Crime, Drama            ",7.8,an Frank Sheeran looks back at the secrets he kept as a loyal member of the Bufalino crime family.,Martin Scorsese ,"Robert De Niro, Al Pacino, Joe Pesci, Harvey Keitel",349163,$7.00M
78,79,Twelve Monkeys,1995,129 min,"Mystery, Sci-Fi, Thriller            ",8," future world devastated by disease, a convict is sent back in time to gather information about the man-made virus that wiped out most of the human population on the planet.",Terry Gilliam ,"Bruce Willis, Madeleine Stowe, Brad Pitt, Joseph Melito",594557,$57.14M
79,80,100 metros,2016,108 min,"Biography, Comedy, Drama            ",7.5,"d on true events, a Spanish man with multiple sclerosis who tried to finish an Iron-Man competition despite he was told that he could not make 100 meters.",Marcel Barrena ,"Dani Rovira, Karra Elejalde, Alexandra Jiménez, David Verdaguer",5916,
80,81,Meu Nome Não é Johnny,2008,124 min,"Biography, Crime, Drama            ",7.2,"true story of João Guilherme Estrella (""Johnny""), a young middle-class bon vivant who became a big-time cocaine dealer in Rio de Janeiro in the early 1990s.",Mauro Lima ,"Selton Mello, Giulio Lopes, Júlia Lemmertz, Felipe Severo",7004,
81,82,Chingisiin huuhduud,2017,101 min,"Adventure, Family            ",8,"Mongolian people from long ago have had a tradition of three cultural games that have always been around during the time of festivities. Mongolian wrestling, racing horses and archery ...                See full summary »
",Zolbayar Dorj ,"Dorjsambuu Dambii, Dorj Dambii, Sharavdorj Dambii, Brittany Belt",914,
82,83,Não Pare na Pista: A Melhor História de Paulo Coelho,2014,112 min,"Biography, Drama, Music            ",5.6,ronicle of Paulo Coelho's rise from his troubled life to become one of the most influential writers in Brazilian history.,Daniel Augusto ,"Júlio Andrade, Ravel Andrade, Fabiana Gugli, Fabiula Nascimento",623,
83,84,Les quatre cents coups,1959,99 min,"Crime, Drama            ",8.1,"ung boy, left without attention, delves into a life of petty crime.",François Truffaut ,"Jean-Pierre Léaud, Albert Rémy, Claire Maurier, Guy Decomble",110834,
84,85,The Square,2017,151 min,"Comedy, Drama            ",7.2,estigious Stockholm museum's chief art curator finds himself in times of both professional and personal crisis as he attempts to set up a controversial new exhibit.,Ruben Östlund ,"Claes Bang, Elisabeth Moss, Dominic West, Terry Notary",59141,$1.50M
85,86,Slumdog Millionaire,2008,120 min,"Drama, Romance            ",8,"mbai teenager reflects on his life after being accused of cheating on the Indian version of ""Who Wants to be a Millionaire?"".","Danny Boyle, Loveleen Tandan ","Dev Patel, Freida Pinto, Saurabh Shukla, Anil Kapoor",816385,$141.32M
86,87,Arizona Raiders,1965,97 min,Western            ,6, Quantrill's (Quantrell) gang is almost destroyed two of the captured members agree to join the Arizona Rangers to help finish the job.,William Witney ,"Audie Murphy, Michael Dante, Ben Cooper, Buster Crabbe",1079,
87,88,Kona fer í stríð,2018,101 min,"Adventure, Comedy, Drama            ",7.4,"a becomes a determined environmental activist, but this threatens a long-held hope of hers.",Benedikt Erlingsson ,"Halldóra Geirharðsdóttir, Jóhann Sigurðarson, Juan Camilo Román Estrada, Jörundur Ragnarsson",8940,$0.85M
88,89,Groundhog Day,1993,101 min,"Comedy, Fantasy, Romance            ",8,atherman finds himself inexplicably living the same day over and over again.,Harold Ramis ,"Bill Murray, Andie MacDowell, Chris Elliott, Stephen Tobolowsky",594423,$70.91M
89,90,Estiu 1993,2017,97 min,"Adventure, Drama, Family            ",7.2,"r her mother's death, six-year-old Frida is sent to her uncle's family to live with them in the countryside. But Frida finds it hard to forget her mother and adapt to her new life.",Carla Simón ,"Laia Artigas, Paula Robles, Bruna Cusí, David Verdaguer",6867,$0.18M
90,91,Maudie,2016,115 min,"Biography, Drama, Romance            ",7.6,rthritic Nova Scotia woman works as a housekeeper while she hones her skills as an artist and eventually becomes a beloved figure in the community.,Aisling Walsh ,"Sally Hawkins, Ethan Hawke, Zachary Bennett, Gabrielle Rose",17215,$6.17M
91,92,The Man Who Knew Infinity,2015,108 min,"Biography, Drama            ",7.2,"story of the life and academic career of the pioneer Indian mathematician, Srinivasa Ramanujan, and his friendship with his mentor, Professor G.H. Hardy.",Matt Brown ,"Dev Patel, Jeremy Irons, Malcolm Sinclair, Raghuvir Joshi",53918,$3.87M
92,93,King Lear,2018,115 min,Drama            ,6.2,"ging King invites disaster when he abdicates to his corrupt, toadying daughters, and rejects his loving and honest one.",Richard Eyre ,"Jim Broadbent, Jim Carter, Tobias Menzies, Emily Watson",3428,
93,94,Awakenings,1990,121 min,"Biography, Drama            ",7.8,"victims of an encephalitis epidemic many years ago have been catatonic ever since, but now a new drug offers the prospect of reviving them.",Penny Marshall ,"Robert De Niro, Robin Williams, Julie Kavner, Ruth Nelson",132090,$52.10M
94,95,Manbiki kazoku,2018,121 min,"Crime, Drama            ",7.9,mily of small-time crooks take in a child they find outside in the cold.,Hirokazu Koreeda ,"Lily Franky, Sakura Andô, Kirin Kiki, Mayu Matsuoka",69107,$3.31M
95,96,Réparer les vivants,2016,103 min,Drama            ,6.9,"ngle devastating event intertwines inextricably the lives of an unfortunate teenager, a weary woman with a critical degenerative heart condition and a team of compassionate doctors; all perfect strangers, perfectly interconnected.",Katell Quillévéré ,"Tahar Rahim, Emmanuelle Seigner, Anne Dorval, Bouli Lanners",3128,$0.00M
96,97,Rooz-haye Narenji,2018,98 min,Drama            ,5.9," Aban - tough, self-sufficient, and the only woman contractor in the orange fields of northern Iran - beats out the male competition for a big job, the operation seems to get off to a rocky start. But Aban won't let go without a fight.",Arash Lahooti ,"Hediyeh Tehrani, Ali Mosaffa, Mehran Ahmadi, Alireza Ostadi",326,
97,98,Oiktos,2018,97 min,Drama            ,6.7,"story of a man who feels happy only when he is unhappy, a man addicted to sadness, who has such need for pity, he's willing to do everything to evoke it from others. This is the life of a man in a world not cruel enough for him.",Babis Makridis ,"Giannis Drakopoulos, Evi Saoulidou, Makis Papadimitriou, Nota Tserniafski",2895,
98,99,Forushande,2016,124 min,Drama            ,7.7,"e both participating in a production of ""Death of a Salesman,"" a teacher's wife is assaulted in her new home, which leaves him determined to find the perpetrator over his wife's traumatized objections.",Asghar Farhadi ,"Shahab Hosseini, Taraneh Alidoosti, Babak Karimi, Mina Sadati",55847,$2.40M
99,100,Ága,2018,96 min,Drama            ,7.3,"he far north, Sedna and Nanook dream of bringing back their family together. After Sedna's death, Nanook walks a long way to find his daughter Ága, who ran away years ago.",Milko Lazarov ,"Mikhail Aprosimov, Feodosia Ivanova, Sergei Egorov, Galina Tikhonova",1350,$0.00M
100,101,Wajib,2017,96 min,"Comedy, Drama            ",7.3,"ther and his estranged son must come together to hand deliver his daughter's wedding invitations to each guest as per local Palestinian custom, in this rousing family drama from Annemarie Jacir (When I Saw You).",Annemarie Jacir ,"Mohammad Bakri, Saleh Bakri, Tarik Kopty, Monera Shehadeh",1507,
101,102,Russkiy kovcheg,2002,99 min,"Drama, Fantasy, History            ",7.4,"th century French aristocrat, notorious for his scathing memoirs about life in Russia, travels through the Russian State Hermitage Museum and encounters historical figures from the last 200+ years.",Aleksandr Sokurov ,"Sergey Dreyden, Mariya Kuznetsova, Leonid Mozgovoy, Mikhail Piotrovsky",19825,$0.04M
102,103,Lazzaro felice,2018,128 min,"Drama, Fantasy, Mystery            ",7.5,nceasingly kind Italian peasant and his family are blatantly exploited by a tobacco baroness.,Alice Rohrwacher ,"Adriano Tardiolo, Agnese Graziani, Alba Rohrwacher, Luca Chikovani",16730,
103,104,Bin-jip,2004,88 min,"Crime, Drama, Romance            ",8,ansient young man breaks into empty homes to partake of the vacationing residents' lives for a few days.,Kim Ki-duk ,"Seung-Yun Lee, Hee Jae, Hyuk-ho Kwon, Jin-mo Joo",52758,$0.24M
104,105,Das weiße Band - Eine deutsche Kindergeschichte,2009,144 min,"Drama, History, Mystery            ",7.8,"nge events happen in a small village in the north of Germany during the years before World War I, which seem to be ritual punishment. Who is responsible?",Michael Haneke ,"Christian Friedel, Ernst Jacobi, Leonie Benesch, Ulrich Tukur",70863,$2.22M
105,106,Dead Man,1995,121 min,"Adventure, Drama, Fantasy            ",7.6,"he run after murdering a man, accountant William Blake encounters a strange aboriginal American man named Nobody who prepares him for his journey into the spiritual world.",Jim Jarmusch ,"Johnny Depp, Gary Farmer, Crispin Glover, Lance Henriksen",93276,$1.04M
106,107,An,2015,113 min,Drama            ,7.4,"ened with a heavy and ever-increasing debt, a dorayaki baker hires a kind ageing woman, after tasting her delicious surprise. Little by little, she unravels her beautiful inner world. Could she be holding the secret to his success?",Naomi Kawase ,"Kirin Kiki, Masatoshi Nagase, Kyara Uchida, Miki Mizuno",10476,$0.12M
107,108,L'ours,1988,96 min,"Adventure, Drama, Family            ",7.7,rphan bear cub hooks up with an adult male as they try to dodge human hunters.,Jean-Jacques Annaud ,"Tchéky Karyo, Bart the Bear, Youk the Bear, Jack Wallace",17269,$31.75M
108,109,The Professor and the Madman,2019,124 min,"Biography, Drama            ",7.3,"essor James Murray begins work compiling words for the first edition of the Oxford English Dictionary in the mid-19th century, and receives over 10,000 entries from a patient at Broadmoor Criminal Lunatic Asylum, Dr. William Minor.",Farhad Safinia ,"Mel Gibson, Sean Penn, Eddie Marsan, Natalie Dormer",40226,
109,110,Le scaphandre et le papillon,2007,112 min,"Biography, Drama            ",8,true story of Elle editor Jean-Dominique Bauby who suffers a stroke and has to live with an almost totally paralyzed body; only his left eye isn't paralyzed.,Julian Schnabel ,"Mathieu Amalric, Emmanuelle Seigner, Marie-Josée Croze, Anne Consigny",105451,$5.99M
110,111,A Late Quartet,2012,105 min,"Drama, Music            ",7.1,"ers of a world-renowned string quartet struggle to stay together in the face of death, competing egos and insuppressible lust.",Yaron Zilberman ,"Philip Seymour Hoffman, Christopher Walken, Catherine Keener, Mark Ivanir",14344,$1.56M
111,112,Reign Over Me,2007,124 min,Drama            ,7.4,n who lost his family in the September 11 attack on New York City runs into his old college roommate. Rekindling the friendship is the one thing that appears able to help the man recover from his grief.,Mike Binder ,"Adam Sandler, Don Cheadle, Jada Pinkett Smith, Liv Tyler",94330,$19.66M
112,113,Kurmanjan datka,2014,135 min,"Action, Biography, Drama            ",7.3,"relevant epic story of the strong-willed, courageous and independent woman before her time, Kurmanjan, who is revered to this day for her diplomacy for saving her nation from complete destruction when the Russians invaded.",Sadyk Sher-Niyaz ,"Elina Abai Kyzy, Nasira Mambetova, Aziz Muradillayev, Adilet Usubaliyev",3442,
113,114,Forget About Nick,2017,110 min,"Comedy, Drama, Romance            ",5.3,"nst the backdrop of New York's dazzling fashion scene, a woman in the process of transforming herself from a model into a designer is forced to live with her husband's ex-wife when he disappears without a trace.",Margarethe von Trotta ,"Ingrid Bolsø Berdal, Katja Riemann, Haluk Bilginer, Tinka Fürst",505,
114,115,Ghasr-e Shirin,2019,82 min,Drama            ,6.6," the mother of a separated family dies, Jalal the father returns to sort things out but he does not want to take the children with him.",Reza Mirkarimi ,"Hamed Behdad, Zhila Shahi, Azadeh Nobahari, Niousha Alipour",993,
115,116,Mudbound,2017,134 min,"Drama, War            ",7.4,"men return home from World War II to work on a farm in rural Mississippi, where they struggle to deal with racism and adjusting to life after war.",Dee Rees ,"Jason Mitchell, Carey Mulligan, Jason Clarke, Mary J. Blige",45758,
116,117,Metri Shesh Va Nim,2019,131 min,"Action, Crime, Drama            ",8,"police are after a drug lord named Naser Khakzad, but when they finally manage to catch him, he tries whatever he can think of to escape and save his family.",Saeed Roustayi ,"Payman Maadi, Navid Mohammadzadeh, Parinaz Izadyar, Farhad Aslani",10823,
117,118,Trilogia II: I skoni tou hronou,2008,125 min,Drama            ,6.6,"n American film director of Greek ancestry, is making a film that tells his story and the story of his parents. It is a tale that unfolds in Italy, Germany, Russia, Kazakhstan, Canada ...                See full summary »
",Theodoros Angelopoulos ,"Willem Dafoe, Bruno Ganz, Michel Piccoli, Irène Jacob",1818,
118,119,Mafak,2018,108 min,Drama            ,6.7,stinian director Bassam Jarbawi's debut feature film tackles the physical and emotional toll of one man's return home after 15 years in an Israeli jail.,Bassam Jarbawi ,"Ziad Bakri, Areen Omari, Jameel Khoury, Yasmine Qaddumi",246,
119,120,The Leisure Seeker,2017,112 min,"Adventure, Comedy, Drama            ",6.7,"naway couple go on an unforgettable journey in the faithful old RV they call ""The Leisure Seeker"".",Paolo Virzì ,"Helen Mirren, Donald Sutherland, Christian McKay, Janel Moloney",8111,$3.23M
120,121,Centaur,2017,89 min,Drama            ,6.6,aur lives a modest life with his family in rural Kyrgyzstan until he abruptly becomes the center of attention when he is caught stealing a racehorse at night. A story inspired by the myth when horses became the wings of men.,Aktan Arym Kubat ,"Nuraly Tursunkojoev, Zarema Asanalieva, Aktan Arym Kubat, Taalaikan Abazova",427,
121,122,Centaur,2017,89 min,Drama            ,6.6,aur lives a modest life with his family in rural Kyrgyzstan until he abruptly becomes the center of attention when he is caught stealing a racehorse at night. A story inspired by the myth when horses became the wings of men.,Aktan Arym Kubat ,"Nuraly Tursunkojoev, Zarema Asanalieva, Aktan Arym Kubat, Taalaikan Abazova",427,
122,123,Arrival,II) ,116 min,"Drama, Sci-Fi            ",7.9,nguist works with the military to communicate with alien lifeforms after twelve mysterious spacecraft appear around the world.,Denis Villeneuve ,"Amy Adams, Jeremy Renner, Forest Whitaker, Michael Stuhlbarg",629321,$100.55M
123,124,Mientras dure la guerra,2019,107 min,"Action, Adventure, Drama            ",6.9,er Miguel de Unamuno faces himself and his ideals after the 1936's military coup d'etat.,Alejandro Amenábar ,"Karra Elejalde, Eduard Fernández, Santi Prego, Nathalie Poza",6002,
124,125,Moneyball,2011,133 min,"Biography, Drama, Sport            ",7.6,and A's general manager Billy Beane's successful attempt to assemble a baseball team on a lean budget by employing computer-generated analysis to acquire new players.,Bennett Miller ,"Brad Pitt, Robin Wright, Jonah Hill, Philip Seymour Hoffman",389186,$75.61M
125,126,Code inconnu: Récit incomplet de divers voyages,2000,118 min,Drama            ,7.2,"ung man harasses a homeless woman, another man protests, the police arrest both and the woman has to leave the country. What were their various story-lines leading up to this event?",Michael Haneke ,"Juliette Binoche, Thierry Neuvic, Josef Bierbichler, Alexandre Hamidi",12954,$0.10M
126,127,Geumul,2016,114 min,Drama            ,7.4,"rth Korean fisherman breaks his boat engine by accident and drifts down to South Korea. After enduring brutal investigations in the South, he eventually gets sent back to North Korea.",Kim Ki-duk ,"Ryoo Seung-bum, Won-geun Lee, Kim Young-min, Gwi-hwa Choi",3469,
127,128,Five Easy Pieces,1970,98 min,Drama            ,7.5,"opout from upper-class America picks up work along the way on oil rigs when his life isn't spent in a squalid succession of bars, motels, and other points of interest.",Bob Rafelson ,"Jack Nicholson, Karen Black, Billy Green Bush, Fannie Flagg",35191,$5.51M
128,129,Zerkalo,1975,107 min,"Biography, Drama            ",8.1,"ing man in his forties remembers his past. His childhood, his mother, the war, personal moments and things that tell of the recent history of all the Russian nation.",Andrei Tarkovsky ,"Margarita Terekhova, Filipp Yankovskiy, Ignat Daniltsev, Oleg Yankovskiy",42974,$0.18M
129,130,Hrútar,2015,93 min,"Comedy, Drama            ",7.3," remote Icelandic farming valley, two brothers who haven't spoken in 40 years have to come together in order to save what's dearest to them - their sheep.",Grímur Hákonarson ,"Sigurður Sigurjónsson, Theodór Júlíusson, Charlotte Bøving, Jón Benónýsson",13609,$0.14M
130,131,Piremardha nemimirand,2019,85 min,"Comedy, Drama            ",7.4,"years old Aslan, the head of a death squad in his youth, is living with his other single old fellows in a remote village in the northern-west of Iran. Since he came to the village 45 ...                See full summary »
",Reza Jamali ,"Nader Mahdilou, Hamdollah Salimi, Salman Abbasi, Elena Azarm",294,
131,132,Serpico,1973,130 min,"Biography, Crime, Drama            ",7.7,onest New York cop named Frank Serpico blows the whistle on rampant corruption in the force only to have his comrades turn against him.,Sidney Lumet ,"Al Pacino, John Randolph, Jack Kehoe, Biff McGuire",116101,$29.80M
132,133,Loving Vincent,2017,94 min,"Animation, Biography, Crime            ",7.8," story depicted in oil painted animation, a young man comes to the last hometown of painter Vincent van Gogh (Robert Gulaczyk) to deliver the troubled artist's final letter and ends up investigating his final days there.","Dorota Kobiela, Hugh Welchman ","Douglas Booth, Jerome Flynn, Robert Gulaczyk, Helen McCrory",53844,$6.74M
133,134,Pomegranate Orchard,I) (,90 min,Drama            ,7.4,"l returns home to the humble family farmstead, surrounded by an orchard of venerable pomegranate trees; since his sudden departure twelve years ago he was never once in contact. However...                See full summary »
",Ilgar Najaf ,"Hasan Agayev, Samimi Farhad, Ilaha Hasanova, Gurban Ismailov",225,
134,135,Solaris,1972,167 min,"Drama, Mystery, Sci-Fi            ",8.1,ychologist is sent to a station orbiting a distant planet in order to discover what has caused the crew to go insane.,Andrei Tarkovsky ,"Natalya Bondarchuk, Donatas Banionis, Jüri Järvet, Vladislav Dvorzhetskiy",86326,
135,136,A United Kingdom,2016,111 min,"Biography, Drama, History            ",6.9,"story of King Seretse Khama of Botswana and how his loving but controversial marriage to a British white woman, Ruth Williams, put his kingdom into political and diplomatic turmoil.",Amma Asante ,"David Oyelowo, Rosamund Pike, Tom Felton, Jack Davenport",15520,$3.90M
136,137,Demolition,2015,101 min,"Comedy, Drama            ",7,"ccessful investment banker struggles after losing his wife in a tragic car crash. With the help of a customer service rep and her young son, he starts to rebuild, beginning with the demolition of the life he once knew.",Jean-Marc Vallée ,"Jake Gyllenhaal, Naomi Watts, Chris Cooper, Judah Lewis",93879,$1.98M
137,138,Indigènes,2006,123 min,"Action, Drama, War            ",7,"ng WWII, four North African men enlist in the French army to liberate that country from Nazi oppression, and to fight French discrimination.",Rachid Bouchareb ,"Samy Naceri, Roschdy Zem, Sami Bouajila, Jamel Debbouze",14346,$0.32M
138,139,Ta'm e guilass,1997,95 min,Drama            ,7.8,ranian man drives his truck in search of someone who will quietly bury him under a cherry tree after he commits suicide.,Abbas Kiarostami ,"Homayoun Ershadi, Abdolrahman Bagheri, Afshin Khorshid Bakhtiari, Safar Ali Moradi",26920,$0.31M
139,140,Selma,2014,128 min,"Biography, Drama, History            ",7.5,"ronicle of Dr. Martin Luther King, Jr.'s campaign to secure equal voting rights via an epic march from Selma to Montgomery, Alabama, in 1965.",Ava DuVernay ,"David Oyelowo, Carmen Ejogo, Oprah Winfrey, Tom Wilkinson",89048,$52.08M
140,141,Stalker,1979,162 min,"Drama, Sci-Fi            ",8.1,ide leads two men through an area known as the Zone to find a room that grants wishes.,Andrei Tarkovsky ,"Alisa Freyndlikh, Aleksandr Kaydanovskiy, Anatoliy Solonitsyn, Nikolay Grinko",125307,$0.23M
141,142,Shabi Ke Mah Kamel Shod,2019,131 min,"Adventure, Crime, Drama            ",6.8,"he market Abdolhamid meets Faezeh and falls in love with her. They get marry and begin their life. But after a while Faezeh becomes aware of Abdolhamid's family in Sistan and ...                See full summary »
",Narges Abyar ,"Elnaz Shakerdust, Hootan Shakiba, Fereshteh Sadre Orafaiy, Pedram Sharifi",2215,
142,143,Mahana,2016,103 min,Drama            ,7.1," the author of ""The Whale Rider"", a tale of family rivalry and reconciliation, set against the stunning backdrop of rural New Zealand in the 1960s.",Lee Tamahori ,"Temuera Morrison, Akuhata Keefe, Nancy Brunning, Jim Moriarty",882,
143,144,Croc-Blanc,2018,85 min,"Animation, Adventure            ",7,d on the timeless novel by Jack London. A loyal wolfdog's curiosity leads him on the adventure of a lifetime while serving a series of three distinctly different masters.,Alexandre Espigares ,"Raphaël Personnaz, Virginie Efira, Dominique Pinon, Frantz Confiac",3479,
144,145,Grbavica,2006,90 min,Drama            ,7.2,man and her daughter struggle to make their way through the aftermath of the Bosnian War.,Jasmila Zbanic ,"Mirjana Karanovic, Luna Zimic Mijovic, Leon Lucev, Kenan Catic",6439,$0.04M
145,146,Sorkhpust,2019,87 min,"Drama, History, Mystery            ",7.5,"ison is about to be evacuated to make room for an airport expansion project. Major Jahed and his officers are busy transferring all inmates to the new facility, but one inmate is missing.",Nima Javidi ,"Navid Mohammadzadeh, Parinaz Izadyar, Setareh Pesyani, Mani Haghighi",5096,
146,147,Gunfight at the O.K. Corral,1957,122 min,"Biography, Drama, Western            ",7.2,an Wyatt Earp and outlaw Doc Holliday form an unlikely alliance which culminates in their participation in the legendary Gunfight at the O.K. Corral.,John Sturges ,"Burt Lancaster, Kirk Douglas, Rhonda Fleming, Jo Van Fleet",14934,$11.75M
147,148,Turist,2014,120 min,"Comedy, Drama            ",7.3,mily vacationing in the French Alps is confronted with a devastating avalanche.,Ruben Östlund ,"Johannes Kuhnke, Lisa Loven Kongsli, Clara Wettergren, Vincent Wettergren",51648,$1.36M
148,149,Taxi Driver,1976,114 min,"Crime, Drama            ",8.2,"ntally unstable veteran works as a nighttime taxi driver in New York City, where the perceived decadence and sleaze fuels his urge for violent action by attempting to liberate a presidential campaign worker and an underage prostitute.",Martin Scorsese ,"Robert De Niro, Jodie Foster, Cybill Shepherd, Albert Brooks",758152,$28.26M
149,150,As I Lay Dying,2018,80 min,Drama            ,5.6,mily of four persons go to a remote village to bury their dead father there according to his will. But no one of them has heard anything about this village or visited it before.,Mostafa Sayari ,"Madjid Aghakarimi, Nader Fallah, Elham Korda, Vahid Rad",55,
150,151,"Roman J. Israel, Esq.",2017,122 min,"Crime, Drama, Thriller            ",6.5,"n J. Israel, Esq., a driven, idealistic defense attorney, finds himself in a tumultuous series of events that lead to a crisis and the necessity for extreme action.",Dan Gilroy ,"Denzel Washington, Colin Farrell, Carmen Ejogo, Lynda Gravatt",35723,$11.96M
151,152,Mia madre,2015,106 min,Drama            ,6.8,"herita, a director in the middle of an existential crisis, has to deal with the inevitable and still unacceptable loss of her mother.",Nanni Moretti ,"Margherita Buy, John Turturro, Giulia Lazzarini, Nanni Moretti",7207,$0.30M
152,153,Johnny Guitar,1954,110 min,"Drama, Western            ",7.6,"r helping a wounded gang member, a strong-willed female saloon owner is wrongly suspected of murder and bank robbery by a lynch mob.",Nicholas Ray ,"Joan Crawford, Sterling Hayden, Mercedes McCambridge, Scott Brady",16569,
153,154,Paterson,2016,118 min,"Comedy, Drama, Romance            ",7.4,"iet observation of the triumphs and defeats of daily life, along with the poetry evident in its smallest details.",Jim Jarmusch ,"Adam Driver, Golshifteh Farahani, Nellie, Rizwan Manji",75318,$2.14M
154,155,Wonder,I) (,113 min,"Drama, Family            ",8,"d on the New York Times bestseller, this movie tells the incredibly inspiring and heartwarming story of August Pullman, a boy with facial differences who enters the fifth grade, attending a mainstream elementary school for the first time.",Stephen Chbosky ,"Jacob Tremblay, Owen Wilson, Izabela Vidovic, Julia Roberts",152004,$132.42M
155,156,One Flew Over the Cuckoo's Nest,1975,133 min,Drama            ,8.7,"iminal pleads insanity and is admitted to a mental institution, where he rebels against the oppressive nurse and rallies up the scared patients.",Milos Forman ,"Jack Nicholson, Louise Fletcher, Michael Berryman, Peter Brocco",950593,$112.00M
156,157,The Bookshop,2017,113 min,Drama            ,6.5,"and 1959. In a small East Anglian town, Florence Green decides, against polite but ruthless local opposition, to open a bookshop.",Isabel Coixet ,"Emily Mortimer, Bill Nighy, Hunter Tremayne, Honor Kneafsey",14120,$1.33M
157,158,Once Upon a Time in the West,1968,165 min,Western            ,8.5,sterious stranger with a harmonica joins forces with a notorious desperado to protect a beautiful widow from a ruthless assassin working for the railroad.,Sergio Leone ,"Henry Fonda, Charles Bronson, Claudia Cardinale, Jason Robards",313239,$5.32M
158,159,Aloft,2014,112 min,Drama            ,5.3,ruggling mother encounters the son she abandoned 20 years earlier.,Claudia Llosa ,"Jennifer Connelly, Cillian Murphy, Mélanie Laurent, William Shimell",3546,$0.05M
159,160,Un village presque parfait,2014,98 min,Comedy            ,6,"nt-Far-la-Mauderne"", a small village hit hard by the crisis and desertification. His last hope: revive the salmon smoking factory. Only problem, insurance require the presence of a ...                See full summary »
",Stéphane Meunier ,"Didier Bourdon, Lorànt Deutsch, Lionnel Astier, Denis Podalydès",777,
160,161,Frida,2002,123 min,"Biography, Drama, Romance            ",7.4,"ography of artist Frida Kahlo, who channeled the pain of a crippling injury and her tempestuous marriage into her work.",Julie Taymor ,"Salma Hayek, Alfred Molina, Geoffrey Rush, Mía Maestro",84277,$25.89M
161,162,Frozen River,2008,97 min,"Crime, Drama            ",7.1,"m looks for another source of income, when her husband leaves with the money meant for the new mobile home. A nearby Indian territory stretches across the border to Canada with a drivable frozen river between. Smuggling?",Courtney Hunt ,"Melissa Leo, Misty Upham, Charlie McDermott, Michael O'Keefe",25283,$2.51M
162,163,It Must Be Heaven,2019,102 min,Comedy            ,7,maker Elia Suleiman travels to different cities and finds unexpected parallels to his homeland of Palestine.,Elia Suleiman ,"Elia Suleiman, Tarik Kopty, Kareem Ghneim, George Khleifi",4227,
163,164,The Artist,I) (,100 min,"Comedy, Drama, Romance            ",7.9,gomaniacal film star develops a relationship with a young dancer against the backdrop of Hollywood's silent era.,Michel Hazanavicius ,"Jean Dujardin, Bérénice Bejo, John Goodman, James Cromwell",235440,$44.67M
164,165,The Walk,II) ,123 min,"Action, Adventure, Biography            ",7.3,"974, high-wire artist Philippe Petit recruits a team of people to help him realize his dream: to walk the immense void between the World Trade Center towers.",Robert Zemeckis ,"Joseph Gordon-Levitt, Charlotte Le Bon, Guillaume Baillargeon, Émilie Leclerc",124052,$10.14M
165,166,The Sons of Katie Elder,1965,122 min,Western            ,7.2,h owner Katie Elder's four sons determine to avenge the murder of their father and the swindling of their mother.,Henry Hathaway ,"John Wayne, Dean Martin, Martha Hyer, Michael Anderson Jr.",16646,$13.33M
166,167,Om det oändliga,2019,78 min,"Drama, Fantasy            ",6.9," ABOUT ENDLESSNESS, Roy Andersson adds to his cinematic oeuvre with a reflection on human life in all its beauty and cruelty, its splendour and banality.",Roy Andersson ,"Jessica Louthander, Tatiana Delaunay, Anders Hellström, Bertil J. Nyberg",5094,
167,168,Photograph,I) (,110 min,"Drama, Romance            ",6.9,"ruggling street photographer in Mumbai, pressured to marry by his grandmother, convinces a shy stranger to pose as his fiancée. The pair develop a connection that transforms them in ways they could not expect.",Ritesh Batra ,"Nawazuddin Siddiqui, Sanya Malhotra, Sachin Khedekar, Denzil Smith",4714,$0.34M
168,169,The Pursuit of Happyness,2006,117 min,"Biography, Drama            ",8,ruggling salesman takes custody of his son as he's poised to begin a life-changing professional career.,Gabriele Muccino ,"Will Smith, Thandiwe Newton, Jaden Smith, Brian Howe",470598,$163.57M
169,170,45 Years,2015,91 min,"Drama, Romance            ",7.1,rried couple preparing to celebrate their wedding anniversary receives shattering news that promises to forever change the course of their lives.,Andrew Haigh ,"Charlotte Rampling, Tom Courtenay, Geraldine James, Dolly Wells",31981,$4.25M
170,171,Ayka,2018,100 min,Drama            ,7.1,or migrant woman in Moscow struggles with her life.,Sergei Dvortsevoy ,"Samal Yeslyamova, Zhipara Abdilaeva, Sergey Mazur, David Alaverdyan",1621,
171,172,Todos lo saben,2018,133 min,"Crime, Drama, Mystery            ",6.9,"a, a Spanish woman living in Buenos Aires, returns to her hometown outside Madrid with her two children to attend her sister's wedding. However, the trip is upset by unexpected events that bring secrets into the open.",Asghar Farhadi ,"Penélope Cruz, Javier Bardem, Ricardo Darín, Eduard Fernández",32054,$2.66M
172,173,Captain Fantastic,2016,118 min,"Comedy, Drama            ",7.9,"he forests of the Pacific Northwest, a father devoted to raising his six kids with a rigorous physical and intellectual education is forced to leave his paradise and enter the world, challenging his idea of what it means to be a parent.",Matt Ross ,"Viggo Mortensen, George MacKay, Samantha Isler, Annalise Basso",203628,$5.88M
173,174,Two Men in Town,2014,120 min,Drama            ,5.7,slim ex-con forms a friendship with his parole officer.,Rachid Bouchareb ,"Forest Whitaker, Harvey Keitel, Ellen Burstyn, Brenda Blethyn",2122,
174,175,Mar adentro,I) (,126 min,"Biography, Drama            ",8,"factual story of Spaniard Ramon Sampedro, who fought a 28 year campaign in favour of euthanasia and his own right to die.",Alejandro Amenábar ,"Javier Bardem, Belén Rueda, Lola Dueñas, Mabel Rivera",79548,$2.09M
175,176,Shane,1953,118 min,"Drama, Western            ",7.6,"ary gunfighter attempts to settle down with a homestead family, but a smoldering settler/rancher conflict forces him to act.",George Stevens ,"Alan Ladd, Jean Arthur, Van Heflin, Brandon De Wilde",38744,$20.00M
176,177,Kömür,2019,90 min,Drama            ,7.2,"ural northwest Iran, Gheirat, a modest charcoal producer, is pushed into a tragic spiral after his son, sentenced to jail, evades to Azerbaijan.",Esmaeel Monsef ,"Amin Hajiakbari Dizaji, Hadi Eftekharzade, Adhami Farid, Zhila Shahi",174,
177,178,La vérité,2019,106 min,Drama            ,6.5,"ormy reunion between scriptwriter Lumir with her famous mother and actress, Fabienne, against the backdrop of Fabienne's autobiographic book and her latest role in a Sci-Fi picture as a daughter of a mother who never grows old.",Hirokazu Koreeda ,"Catherine Deneuve, Juliette Binoche, Ethan Hawke, Clémentine Grenier",5815,
178,179,Rebel in the Rye,2017,106 min,"Biography, Drama, Romance            ",6.7,"life of celebrated but reclusive author, J.D. Salinger, who gained worldwide fame with the publication of his novel, ""The Catcher in the Rye"".",Danny Strong ,"Nicholas Hoult, Kevin Spacey, Victor Garber, Hope Davis",9071,$0.38M
179,180,Buta,2011,98 min,Drama            ,7.1,"a"" is the story of a lonely 7-year old boy (named Buta), who lives in a mountain village with his grandmother. He is befriended by an old man, a liquid soap merchant who once loved (and...                See full summary »
",Ilgar Najaf ,"Rafig Guliyev, Tofig Aliyev, Elnur Karimov, Laman Nabiyeva",92,
180,181,Hostiles,2017,134 min,"Drama, Western            ",7.2,"892, a legendary Army Captain reluctantly agrees to escort a Cheyenne chief and his family through dangerous territory.",Scott Cooper ,"Scott Shepherd, Rosamund Pike, Ava Cooper, Stella Cooper",77222,$29.82M
181,182,Wild,I) (,115 min,"Adventure, Biography, Drama            ",7.1,ronicle of one woman's one thousand one hundred mile solo hike undertaken as a way to recover from a recent personal tragedy.,Jean-Marc Vallée ,"Reese Witherspoon, Laura Dern, Gaby Hoffmann, Michiel Huisman",124403,$37.88M
182,183,Evge,2019,96 min,Drama            ,7.4,ther and a son from Crimean Tatar family transport the body of deceased older son and brother from Kyiv to bury him in Crimea.,Nariman Aliev ,"Akhtem Seitablaev, Remzi Bilyalov, Dariya Barihashvili, Viktor Zhdanov",1113,
183,184,Cold Mountain,2003,154 min,"Adventure, Drama, History            ",7.2,"he waning days of the American Civil War, a wounded soldier embarks on a perilous journey back home to Cold Mountain, North Carolina to reunite with his sweetheart.",Anthony Minghella ,"Jude Law, Nicole Kidman, Renée Zellweger, Eileen Atkins",142928,$95.64M
184,185,Vozvrashchenie,2003,110 min,Drama            ,8,"he Russian wilderness, two brothers face a range of new, conflicting emotions when their father - a man they know only through a single photograph - resurfaces.",Andrey Zvyagintsev ,"Vladimir Garin, Ivan Dobronravov, Konstantin Lavronenko, Nataliya Vdovina",44078,$0.50M
185,186,After the Wedding,2019,112 min,Drama            ,6.3,nager of an orphanage in Kolkata travels to New York to meet a benefactor.,Bart Freundlich ,"Julianne Moore, Michelle Williams, Billy Crudup, Abby Quinn",6896,$1.45M
186,187,Glubokie reki,2018,75 min,Drama            ,6.3," forgotten corner of the Caucasus, a family of lumberjacks chops wood in order to fulfill their contract with the sawmill. When the father is injured, the youngest brother, who left the impoverished region years before is called back.",Vladimir Bitokov ,"Oleg Gusejnov, Mariana Kazancheva, Roustam Muradov, Muhamed Sabiev",143,
187,188,Sorry We Missed You,2019,101 min,Drama            ,7.6,"ng that self-employment through gig economy can solve their financial woes, a hard-up UK delivery driver and his wife struggling to raise a family end up trapped in the vicious circle of this modern-day form of labour exploitation.",Ken Loach ,"Kris Hitchen, Debbie Honeywood, Rhys Stone, Katie Proctor",19315,
188,189,King Arthur,2004,126 min,"Action, Adventure, Drama            ",6.3,mystified take on the tale of King Arthur and the Knights of the Round Table.,Antoine Fuqua ,"Clive Owen, Stephen Dillane, Keira Knightley, Ioan Gruffudd",162723,$51.88M
189,190,Se rokh,2018,100 min,Drama            ,7,"e actresses at different stages of their career. One from before the 1979 Islamic Revolution, one popular star of today known throughout the country and a young girl longing to attend a drama conservatory.",Jafar Panahi ,"Behnaz Jafari, Jafar Panahi, Marziyeh Rezaei, Maedeh Erteghaei",3587,$0.07M
190,191,Midnight in Paris,2011,94 min,"Comedy, Fantasy, Romance            ",7.7,"e on a trip to Paris with his fiancée's family, a nostalgic screenwriter finds himself mysteriously going back to the 1920s every day at midnight.",Woody Allen ,"Owen Wilson, Rachel McAdams, Kathy Bates, Kurt Fuller",401437,$56.82M
191,192,Rusari Abi,1995,85 min,"Drama, Romance            ",6.8,"lderly owner of a tomato farm and sauce factory, after his wife's death, falls in love with one of the workers of the factory endangering his relationship with his daughters and in-laws...                See full summary »
",Rakhshan Banietemad ,"Ezzatolah Entezami, Fatemah Motamed-Aria, Golab Adineh, Afsar Asadi",626,
192,193,The Tin Star,1957,93 min,Western            ,7.3,"nical former sheriff turned bounty hunter helps a young, recently appointed acting sheriff with his advice, his experience and his gun.",Anthony Mann ,"Henry Fonda, Anthony Perkins, Betsy Palmer, Michel Ray",5518,
193,194,Marshall,2017,118 min,"Biography, Crime, Drama            ",7.3,"story of Thurgood Marshall, the crusading lawyer who would become the first African-American Supreme Court Justice, as he battles through one of his career-defining cases.",Reginald Hudlin ,"Chadwick Boseman, Josh Gad, Kate Hudson, Sterling K. Brown",22503,$10.05M
194,195,Darbareye Elly,2009,119 min,"Drama, Mystery            ",8,mysterious disappearance of a kindergarten teacher during a picnic in the north of Iran is followed by a series of misadventures for her fellow travelers.,Asghar Farhadi ,"Golshifteh Farahani, Shahab Hosseini, Taraneh Alidoosti, Merila Zare'i",49701,$0.11M
195,196,True Grit,2010,110 min,"Drama, Western            ",7.6,ubborn teenager enlists the help of a tough U.S. Marshal to track down her father's murderer.,"Ethan Coen, Joel Coen ","Jeff Bridges, Matt Damon, Hailee Steinfeld, Josh Brolin",321933,$171.24M
196,197,Limitless,I) (,105 min,"Sci-Fi, Thriller            ",7.4," the help of a mysterious pill that enables the user to access 100% of his brain's abilities, a struggling writer becomes a financial wizard, but it also puts him in a new world with many dangers.",Neil Burger ,"Bradley Cooper, Anna Friel, Abbie Cornish, Robert De Niro",542549,$79.25M
197,198,Kramer vs. Kramer,1979,105 min,Drama            ,7.8,"Kramer's wife leaves him, allowing for a lost bond to be rediscovered between Ted and his son, Billy. But a heated custody battle ensues over the divorced couple's son, deepening the wounds left by the separation.",Robert Benton ,"Dustin Hoffman, Meryl Streep, Jane Alexander, Justin Henry",138572,$106.26M
198,199,We Own the Night,2007,117 min,"Action, Crime, Drama            ",6.8,w York City nightclub manager tries to save his brother and father from Russian Mafia hitmen.,James Gray ,"Joaquin Phoenix, Mark Wahlberg, Eva Mendes, Danny Hoch",86826,$28.56M
199,200,Sokout,1998,76 min,"Drama, Music            ",7,"yday, 10-year old Khorsid takes the bus to his work at an instrument maker's shop and everyday something unexpected happens.",Mohsen Makhmalbaf ,"Tahmineh Normatova, Nadereh Abdelahyeva, Goibibi Ziadolahyeva, Araz M. Shirmohamadi",1610,$0.03M
