,id,name,year,run_time,genre,rating,about,director,actors,votes,gross
0,1,Hagane no renkinjutsushi,2009,24 min,"Animation, Action, Adventure            ",9.1,brothers search for a Philosopher's Stone after an attempt to revive their deceased mother goes awry and leaves them in damaged physical forms.,,"Kent Williams, Iemasa Kayumi, Vic Mignogna, Romi Park",137269,
1,2,One Punch Man: Wanpanman,2015,24 min,"Animation, Action, Comedy            ",8.8,"story of Saitama, a hero that does it just for fun & can defeat his enemies with a single punch.",,"Makoto Furukawa, Kaito Ishikawa, Max Mittelman, Zach Aguilar",130820,
2,3,Death Note: Desu nôto,2006,24 min,"Animation, Crime, Drama            ",9,ntelligent high school student goes on a secret crusade to eliminate criminals from the world after discovering a notebook capable of killing anyone whose name is written into it.,,"Mamoru Miyano, Brad Swaile, Vincent Tong, Ryô Naitô",266982,
3,4,Kaubôi bibappu,1998,24 min,"Animation, Action, Adventure            ",8.9,futuristic misadventures and tragedies of an easygoing bounty hunter and his partners.,,"Kôichi Yamadera, Unshô Ishizuka, Megumi Hayashibara, Steve Blum",96766,
4,5,Hunter x Hunter,2011,24 min,"Animation, Action, Adventure            ",9,"Freecss aspires to become a Hunter, an exceptional being capable of greatness. With his friends and his potential, he seeks for his father who left him when he was younger.",,"Issei Futamata, Megumi Han, Cristina Valenzuela, Mariya Ise",70796,
5,6,Steins;Gate,2011,24 min,"Animation, Comedy, Drama            ",8.8,"r discovering time travel, a university student and his colleagues must use their knowledge of it to stop an evil organization and their diabolical plans.",,"Mamoru Miyano, Asami Imai, Kana Hanazawa, Ashly Burch",50873,
6,7,Shingeki no kyojin,2013,24 min,"Animation, Action, Adventure            ",9,"r his hometown is destroyed and his mother is killed, young Eren Jaeger vows to cleanse the earth of the giant humanoid Titans that have brought humanity to the brink of extinction.",,"Yûki Kaji, Marina Inoue, Josh Grelle, Yui Ishikawa",248172,
7,8,Dragon Ball Z,1996,24 min,"Animation, Action, Adventure            ",8.7,"r learning that he is from another planet, a warrior named Goku and his friends are prompted to defend it from an onslaught of extraterrestrial enemies.",,"Doc Harris, Christopher Sabat, Scott McNeil, Sean Schemmel",119330,
8,9,Dragon Ball Z: Doragon bôru zetto,1989,24 min,"Animation, Action, Adventure            ",8.7,adventures of Earth's martial arts defender Son Goku continue with a new family and the revelation of his alien origin. Now Goku and his allies must defend the planet from an onslaught of new extraterrestrial enemies.,,"Jôji Yanami, Kyle Hebert, Masako Nozawa, Sean Schemmel",73101,
9,10,One Piece: Wan pîsu,1999,24 min,"Animation, Action, Adventure            ",8.8,"ows the adventures of Monkey D. Luffy and his pirate crew in order to find the greatest treasure ever left by the legendary Pirate, Gold Roger. The famous mystery treasure named ""One Piece"".",,"Mayumi Tanaka, Tony Beck, Laurent Vernin, Akemi Okamura",83963,
10,11,Kôdo giasu - Hangyaku no rurûshu: Code Geass - Lelouch of the Rebellion,2006,24 min,"Animation, Action, Drama            ",8.7,"r being given a mysterious power to control others, an outcast prince becomes the masked leader of the rebellion against an all powerful empire",,"Jun Fukuyama, Johnny Yong Bosch, Yuri Lowenthal, Takahiro Sakurai",56992,
11,12,Hagane no renkinjutsushi,2003,24 min,"Animation, Action, Adventure            ",8.5," a failed alchemical ritual leaves brothers Edward and Alphonse Elric with severely damaged bodies, they begin searching for the one thing that can save them; the fabled philosopher's stone.",,"Vic Mignogna, Aaron Dismuke, Romi Park, Rie Kugimiya",65523,
12,13,Monster,2004,24 min,"Animation, Crime, Drama            ",8.6,illiant neurosurgeon living in Germany finds his life in utter turmoil after getting involved with a psychopath that was once a former patient.,,"Hidenobu Kiuchi, Liam O'Brien, Mamiko Noto, Karen Strassman",23690,
13,14,Kenpû Denki Berserk,1997,23 min,"Animation, Action, Adventure            ",8.7," is a skilled swordsman who joins forces with a mercenary group named 'The Band of the Hawk', lead by the charismatic Griffith, and fights with them as they battle their way into the royal court.",,"Nobutoshi Canna, Marc Diraison, Carrie Keranen, Kevin T. Collins",31980,
14,15,Rurouni Kenshin: Meiji Kenkaku Romantan: Tsuioku Hen,1999,118 min,"Animation, Action, Adventure            ",8.6,"he era of Japan's Meiji Restoration, an assassin regains his humanity.",,"Mayo Suzukaze, Junko Iwao, Nozomu Sasaki, Masami Suzuki",13968,
15,16,Samurai chanpurû,2004,24 min,"Animation, Action, Adventure            ",8.5," a waitress who works in a teahouse, rescues two master swordsmen, Mugen and Jin, from their execution to help her find the ""samurai who smells of sunflowers.""",,"Kazuya Nakai, Ginpei Sato, Ayako Kawasumi, Steve Blum",43553,
16,17,Rurôni Kenshin - Meiji kenkaku romantan,1996,24 min,"Animation, Action, Adventure            ",8.5,adventures of a young wandering swordsman who stumbles upon a struggling martial arts school in Meiji era Japan.,,"Mayo Suzukaze, Richard Cansino, Dorothy Elias-Fahn, Rebecca Forstadt",18472,
17,18,Shin seiki evangerion,1995,24 min,"Animation, Action, Drama            ",8.5,enage boy finds himself recruited as a member of an elite team of pilots by his father.,,"Megumi Ogata, Megumi Hayashibara, Kotono Mitsuishi, Spike Spencer",57035,
18,19,Dragon Ball: Doragon bôru,1986,24 min,"Animation, Action, Adventure            ",8.5,"Gokû, a fighter with a monkey tail, goes on a quest with an assortment of odd characters in search of the Dragon Balls, a set of crystals that can give its bearer anything they desire.",,"Masako Nozawa, Jôji Yanami, Brice Armstrong, Stephanie Nadolny",51780,
19,20,Dragon Ball,1995,24 min,"Animation, Action, Adventure            ",8.5,"on Ball tells the tale of a young warrior by the name of Son Goku, a young peculiar boy with a tail who embarks on a quest to become stronger and learns of the Dragon Balls, when, once all 7 are gathered, grant any wish of choice.",,"Brice Armstrong, Steve Olson, Stephanie Nadolny, Zoe Slusar",56196,
20,21,Kôkaku kidôtai: Stand Alone Complex,2002,24 min,"Animation, Action, Crime            ",8.5,futuristic adventures of a female cyborg counter intelligence agent and her support team.,,"Shirô Saitô, Mary Elizabeth McGlynn, William Frederick Knight, Richard Epcar",18614,
21,22,Naruto: Shippûden,2007,24 min,"Animation, Action, Adventure            ",8.6,"to Uzumaki, is a loud, hyperactive, adolescent ninja who constantly searches for approval and recognition, as well as to become Hokage, who is acknowledged as the leader and strongest of all ninja in the village.",,"Junko Takeuchi, Maile Flanagan, Kate Higgins, Chie Nakamura",97547,
22,23,Kiseijû: Sei no kakuritsu,2014,22 min,"Animation, Action, Horror            ",8.3,"ear-old Shinichi Izumi is partially infected by a Parasyte; monsters that butcher and consume humans. He must learn to co-exist with the creature if he is to survive both the life of a Parasyte and human, as part monster, part person.",,"Adam Gibbs, Aya Hirano, Brittney Karbowski, Nobunaga Shimazaki",29892,
23,24,Mushishi,2005,25 min,"Animation, Drama, Fantasy            ",8.5,"o is an expert travelling around to investigate a primeval life-form, the ""Mushi,"" and helping people with Mushi-related supernatural problems.",,"Yûto Nakano, Travis Willingham, Kôjun Itô, Jennifer Seman",12534,
24,25,Yu yu hakusho,1992,24 min,"Animation, Action, Adventure            ",8.4,"day, 14-year-old Yusuke Urameshi suddenly finds himself dead, having died pushing a child out of the way of oncoming traffic. Since he has such a bad personality, even the Spirit World ...                See full summary »
",,"Nozomu Sasaki, Justin Cook, Christopher Sabat, Cynthia Cranz",12495,
25,26,Hellsing Ultimate,2006,50 min,"Animation, Action, Fantasy            ",8.3,"vampire Alucard, his master Sir Integra Fairbrook Wingates Hellsing, and his newly sired ward Seras Victoria, try to protect England from a war-crazed SS-Major who seeks to start an eternal war with his vampire army.",,"Katie Gray, Crispin Freeman, Victoria Harwood, Ralph Lister",21061,
26,27,Meitantei Conan,1996,25 min,"Animation, Action, Adventure            ",8.4,cases of a detective whose physical age was chemically reversed to that of a prepubescent boy but must hide his true mental development.,,"Minami Takayama, Wakana Yamazaki, Hoang Khuyet, Akira Kamiya",11825,
27,28,Ôran kôkô hosutobu,2006,24 min,"Animation, Comedy, Romance            ",8.2,"rl at a prestigious school befriends the members of a ""host club"".",,"Maaya Sakamoto, Mamoru Miyano, Masaya Matsukaze, Kenichi Suzumura",8994,
28,29,Baccano!,2007,384 min,"Animation, Action, Adventure            ",8.3,"azy fantasy caper involving alchemists, immortals, gangsters, outlaws and an elixir of immortality, spread over several decades.",,"Michael C. Pizzuto, J. Michael Tatum, Caitlin Glass, Akemi Kanda",11080,
29,30,Dragon Ball Kai: Doragon bôru kai,2009,24 min,"Animation, Action, Adventure            ",8.2,D and enhanced remaster of Dragon Ball Z.,,"Masako Nozawa, Jôji Yanami, Sean Schemmel, Richard Ian Cox",21720,
30,31,Trigun,1998,24 min,"Animation, Action, Adventure            ",8.3, the Stampede is the most infamous outlaw on the planet Gunsmoke and with a 60 billion double dollar price on his head the most sought after!,,"Masaya Onosaka, Hiromi Tsuru, Satsuki Yukino, Johnny Yong Bosch",20240,
31,32,Tengen toppa gurren lagann,2007,24 min,"Animation, Action, Adventure            ",8.3,"friends, Simon and Kamina, become the symbols of rebellion against the powerful Spiral King, who forced mankind into subterranean villages.",,"Yuri Lowenthal, Kana Asumi, Steve Blum, Johnny Yong Bosch",15966,
32,33,FLCL,2000,151 min,"Animation, Action, Comedy            ",8.2,"-year old boy named Naota one day meets a strange woman, riding a Vespa and wielding a big guitar. As soon as she appears, mysterious things start happening.",,"Jun Mizuki, Mayumi Shintani, Izumi Kasagi, Suzuki Matsuo",16253,
33,34,Psycho-Pass,2012,25 min,"Animation, Action, Crime            ",8.2,"eving in humanity and order, policewoman Akane Tsunemori obeys the ruling, computerized, precognitive Sibyl System. But when she faces a criminal mastermind who can elude this ""perfect"" system, she questions both Sibyl and herself.",,"Kana Hanazawa, Miyuki Sawashiro, Noriko Hidaka, Shizuka Itô",17093,
34,35,Bleach: Burîchi,2004,24 min,"Animation, Action, Adventure            ",8.1," school student Ichigo Kurosaki, who has the ability to see ghosts, gains soul reaper powers from Rukia Kuchiki and sets out to save the world from ""Hollows"".",,"Johnny Yong Bosch, Michelle Ruff, Stephanie Sheh, Jamieson Price",47326,
35,36,Dragon Ball Super: Doragon bôru cho,2015,24 min,"Animation, Action, Adventure            ",8.4,"months after the defeat of Majin Buu, The mighty Saiyan Son Goku continues his quest on becoming stronger.",,"Masako Nozawa, Naoki Tatsuta, Ryô Horikawa, Sean Schemmel",26135,
36,37,Fairy Tail: Fearî teiru,2009,24 min,"Animation, Action, Adventure            ",8,", an aspiring Celestial Wizard, becomes a friend and ally to powerful wizards Natsu, Gray, and Erza, who are part of the (in)famous wizard guild, Fairy Tail.",,"Cherami Leigh, Todd Haberkorn, Tia Lynn Ballard, Colleen Clinkenbeard",22223,
37,38,Naruto,2002,24 min,"Animation, Action, Adventure            ",8.3,"to Uzumaki, a mischievous adolescent ninja, struggles as he searches for recognition and dreams of becoming the Hokage, the village's leader and strongest ninja.",,"Junko Takeuchi, Maile Flanagan, Kate Higgins, Chie Nakamura",81672,
38,39,Serial Experiments Lain,1998,316 min,"Animation, Drama, Horror            ",8.1,"nge events begin to occur as a withdrawn girl named Lain becomes obsessed with interconnected virtual realm of ""The Wired"".",,"Kaori Shimizu, Bridget Hoffman, Dan Lorge, Randy McPherson",12009,
39,40,Môsô dairinin,2004,25 min,"Animation, Drama, Horror            ",8.1,"ingly unconnected citizens of Tokyo are targeted for bludgeoning by a boy with a golden baseball bat. As detectives try to link the victims, they discover that following the assaults, the victims' lives have improved in some way.",,"Shôzô Îzuka, Toshihiko Seki, Michael McConnohie, Liam O'Brien",10681,
40,41,Erufen rîto,2004,24 min,"Animation, Action, Drama            ",8,"university students come across a seemingly harmless girl named Lucy, unaware that she's actually a mutant serial killer with a split personality.",,"Sanae Kobayashi, Chihiro Suzuki, Mamiko Noto, Adam Conlon",31300,
41,42,Kureimoa,2007,24 min,"Animation, Action, Adventure            ",8," world rife with deadly creatures called ""youma"", a young silver eyed woman, Clare, works on behalf of an organization that trains female youma halfbreeds into warriors with the ability...                See full summary »
",,"Todd Haberkorn, Stephanie Young, Houko Kuwashima, Cherami Leigh",12785,
42,43,Tokyo Ghoul,2014,24 min,"Animation, Action, Drama            ",7.8,"kyo college student is attacked by a ghoul, a superpowered human who feeds on human flesh. He survives, but has become part ghoul and becomes a fugitive on the run.",,"Natsuki Hanae, Austin Tindle, Sora Amamiya, Brina Palencia",42681,
43,44,Black Lagoon,2006,25 min,"Animation, Action, Adventure            ",8,"panese businessman, captured by modern-day pirates, is written off and left for dead by his company. Tired of the corporate life, he opts to stick with the mercenaries that kidnapped him, becoming part of their gang.",,"Megumi Toyoguchi, Daisuke Namikawa, Maryke Hendrikse, Brad Swaile",13225,
44,45,Ergo Proxy,2006,25 min,"Animation, Action, Adventure            ",8," post-apocalyptic future humans live in peace with androids in a domed city. However, a strange series of murders has intruded into bored inspector Re-l Mayer's life.",,"Kôji Yusa, Akiko Yajima, Rachel Hirschfeld, Liam O'Brien",13240,
45,46,Wolf's Rain,2003,701 min,"Action, Sci-Fi, Animation            ",8," post-apocalyptic future where humans live in domed cities surrounded by wasteland, wolves are assumed to be two hundred years extinct.",,"Darren Pleavin, Kenta Miyake, Akio Suyama, Crispin Freeman",7452,
46,47,Akame ga Kill!,2014,24 min,"Animation, Action, Adventure            ",7.8,untryside boy named Tatsumi sets out on a journey to The Capital to make a name for himself and met a seemingly dangerous group of Assassins known as Night Raid. Their journey begins.,,"Sôma Saitô, Corey Hartzog, Sora Amamiya, Molly Searcy",19599,
47,48,Kiru ra kiru: KILL la KILL,2013,25 min,"Animation, Action, Comedy            ",7.9,ung girl arrives at a school of superhumans to find out the truth behind her father's murder.,,"Ami Koshimizu, Aya Suzaki, Toshihiko Seki, Shin'ichirô Miki",12191,
48,49,Darker Than Black: Kuro no keiyakusha,2007,24 min,"Animation, Action, Drama            ",7.7,"okyo, an impenetrable field known as ""Hell's Gate"" appeared ten years ago. At the same time, psychics who wield paranormal powers at the cost of their conscience also emerged. Hei is ...                See full summary »
",,"Jason Liebrecht, Kate Oxley, Christopher Sabat, Brina Palencia",11366,
49,50,Suzumiya Haruhi no yûutsu,2006,24 min,"Animation, Comedy, Fantasy            ",7.8,"crazy adventures of the SOS Brigade, led by the insane but charismatic Haruhi.",,"Tomokazu Sugita, Aya Hirano, Minori Chihara, Yûko Gotô",7957,
50,51,Herushingu,2001,23 min,"Animation, Action, Fantasy            ",7.8,"itish taskforce, lead by the daughter of the vampire hunter Prof. Van Helsing, battles the supernatural with the aid of two vampires.",,"Jôji Nakata, Yoshiko Sakakibara, Fumiko Orikasa, Steven Brand",15365,
51,52,Sôru îtâ,2008,24 min,"Animation, Action, Adventure            ",7.8,"in the Shinigami technical school for weapon meisters, the series revolves around 3 duo's. These pairs are a partnership between a weapon meister and a human weapon. Trying to reach a ...                See full summary »
",,"Laura Bailey, Chiaki Omigawa, Micah Solusod, Brittney Karbowski",11772,
52,53,Angel Beats!,2010,25 min,"Animation, Action, Comedy            ",7.7,llious teens fight in armed combat against one dispassionate girl's supernatural powers in an afterlife high school.,,"Hiroshi Kamiya, Harumi Sakurai, Kana Hanazawa, Ryohei Kimura",12879,
53,54,Sword Art Online,2012,24 min,"Animation, Action, Adventure            ",7.6,"he year 2022, thousands of people get trapped in a new virtual MMORPG and the lone wolf player, Kirito, works to escape.",,"Yoshitsugu Matsuoka, Haruka Tomatsu, Bryce Papenbrook, Cherami Leigh",39891,
54,55,Mirai nikki,2011,25 min,"Animation, Action, Drama            ",7.6,"ung man competes with people around the world for a chance to become the succesor of God, with a diary that is able to tell the future.",,"Josh Grelle, Brina Palencia, Leah Clark, Emily Neves",15520,
55,56,Inuyasha,2000,24 min,"Animation, Action, Adventure            ",7.9,enage girl periodically travels back in time to feudal Japan to help a young half-demon recover the shards of a jewel of great power.,,"Kappei Yamaguchi, Richard Ian Cox, Darren Pleavin, Satsuki Yukino",15334,
56,57,Afro Samurai,2007,26 min,"Animation, Action, Adventure            ",7.7,ack samurai goes on a mission to avenge the wrongful death of his father in a futuristic feudal Japan.,,"Samuel L. Jackson, Phil LaMarr, Yuri Lowenthal, Greg Eagles",15766,
57,58,Ao no ekusoshisuto,2011,30 min,"Animation, Action, Drama            ",7.5,"r discovering that he's the son of Satan, a young man must join the True Cross Academy in order to master his abilities and defeat Satan himself.",,"Nobuhiko Okamoto, Bryce Papenbrook, Jun Fukuyama, Johnny Yong Bosch",11856,
58,59,Sailor Moon,1995,24 min,"Animation, Action, Adventure            ",7.6,magical action-adventures of a teenage girl who learns of her destiny as the legendary warrior Sailor Moon and must band together with the other Sailor Scouts to defend the Earth and Galaxy.,,"Susan Roman, Jill Frappier, Katie Griffin, Ron Rubin",12167,
59,60,Deadman Wonderland,2011,24 min,"Animation, Action, Drama            ",7.2,"r being falsely convicted for the murder of his entire class, a young man must learn to survive in a mysterious prison with a perverted take on incarceration while also looking to clear his name.",,"Greg Ayres, Kana Hanazawa, Romi Park, Monica Rial",9658,
